  <dir>
    <title>1909</title>
    <tmdb>year/movies/1909</tmdb>
    <summary>Browse movies released in 1909</summary>
    <thumbnail></thumbnail>
  </dir>

  <dir>
    <title>1908</title>
    <tmdb>year/movies/1908</tmdb>
    <summary>Browse movies released in 1908</summary>
    <thumbnail></thumbnail>
  </dir>

  <dir>
    <title>1907</title>
    <tmdb>year/movies/1907</tmdb>
    <summary>Browse movies released in 1907</summary>
    <thumbnail></thumbnail>
  </dir>

  <dir>
    <title>1906</title>
    <tmdb>year/movies/1906</tmdb>
    <summary>Browse movies released in 1906</summary>
    <thumbnail></thumbnail>
  </dir>

  <dir>
    <title>1905</title>
    <tmdb>year/movies/1905</tmdb>
    <summary>Browse movies released in 1905</summary>
    <thumbnail></thumbnail>
  </dir>

  <dir>
    <title>1904</title>
    <tmdb>year/movies/1904</tmdb>
    <summary>Browse movies released in 1904</summary>
    <thumbnail></thumbnail>
  </dir>

  <dir>
    <title>1903</title>
    <tmdb>year/movies/1903</tmdb>
    <summary>Browse movies released in 1903</summary>
    <thumbnail></thumbnail>
  </dir>

  <dir>
    <title>1902</title>
    <tmdb>year/movies/1902</tmdb>
    <summary>Browse movies released in 1902</summary>
    <thumbnail></thumbnail>
  </dir>

  <dir>
    <title>1901</title>
    <tmdb>year/movies/1901</tmdb>
    <summary>Browse movies released in 1901</summary>
    <thumbnail></thumbnail>
  </dir>

  <dir>
    <title>1900</title>
    <tmdb>year/movies/1900</tmdb>
    <summary>Browse movies released in 1900</summary>
    <thumbnail></thumbnail>
  </dir>