  <dir>
    <title>2020-2029</title>
    <link>file://shared lists/movies-2000-2019.xml</link>
    <summary>Browse movies released in the 21st century</summary>
    <thumbnail></thumbnail>
  </dir>

   <dir>
    <title>2000-2019</title>
    <link>file://shared lists/movies-2000-2019.xml</link>
    <summary>Browse movies released in the 21st century</summary>
    <thumbnail></thumbnail>
  </dir>
  
  <dir>
    <title>1900-1999</title>
    <link>file://shared lists/movies-1900-1999.xml</link>
    <summary>Browse movies released in the 20th century</summary>
    <thumbnail></thumbnail>
  </dir>

  <dir>
    <title>1874-1899</title>
    <link>file://shared lists/movies-1874-1899.xml</link>
    <summary>Browse movies released in the 19th century</summary>
    <thumbnail></thumbnail>
  </dir>

  <dir>
    <title>2010-2019</title>
    <link>file://shared lists/movies-2010-2019.xml</link>
    <summary>Browse movies released in the 2010s</summary>
    <thumbnail></thumbnail>
  </dir>

  <dir>
    <title>2000-2009</title>
    <link>file://shared lists/movies-2000-2009.xml</link>
    <summary>Browse movies released in the 2000s</summary>
    <thumbnail></thumbnail>
  </dir>

  <dir>
    <title>1990-1999</title>
    <link>file://shared lists/movies-1990-1999.xml</link>
    <summary>Browse movies released in the 1990s</summary>
    <thumbnail></thumbnail>
  </dir>

  <dir>
    <title>1980-1989</title>
    <link>file://shared lists/movies-1980-1989.xml</link>
    <summary>Browse movies released in the 1980s</summary>
    <thumbnail></thumbnail>
  </dir>

  <dir>
    <title>1970-1979</title>
    <link>file://shared lists/movies-1970-1979.xml</link>
    <summary>Browse movies released in the 1970s</summary>
    <thumbnail></thumbnail>
  </dir>

  <dir>
    <title>1960-1969</title>
    <link>file://shared lists/movies-1960-1969.xml</link>
    <summary>Browse movies released in the 1960s</summary>
    <thumbnail></thumbnail>
  </dir>

  <dir>
    <title>1950-1959</title>
    <link>file://shared lists/movies-1950-1959.xml</link>
    <summary>Browse movies released in the 1950s</summary>
    <thumbnail></thumbnail>
  </dir>

  <dir>
    <title>1940-1949</title>
    <link>file://shared lists/movies-1940-1949.xml</link>
    <summary>Browse movies released in the 1940s</summary>
    <thumbnail></thumbnail>
  </dir>

  <dir>
    <title>1930-1939</title>
    <link>file://shared lists/movies-1930-1939.xml</link>
    <summary>Browse movies released in the 1930s</summary>
    <thumbnail></thumbnail>
  </dir>

  <dir>
    <title>1920-1929</title>
    <link>file://shared lists/movies-1920-1929.xml</link>
    <summary>Browse movies released in the 1920s</summary>
    <thumbnail></thumbnail>
  </dir>

  <dir>
    <title>1910-1919</title>
    <link>file://shared lists/movies-1910-1919.xml</link>
    <summary>Browse movies released in the 1910s</summary>
    <thumbnail></thumbnail>
  </dir>

  <dir>
    <title>1900-1909</title>
    <link>file://shared lists/movies-1900-1909.xml</link>
    <summary>Browse movies released in the 1900s</summary>
    <thumbnail></thumbnail>
  </dir>

  <dir>
    <title>1890-1899</title>
    <link>file://shared lists/movies-1890-1899.xml</link>
    <summary>Browse movies released in the 1890s</summary>
    <thumbnail></thumbnail>
  </dir>

  <dir>
    <title>1880-1889</title>
    <link>file://shared lists/movies-1880-1889.xml</link>
    <summary>Browse movies released in the 1880s</summary>
    <thumbnail></thumbnail>
  </dir>

  <dir>
    <title>1874-1879</title>
    <link>file://shared lists/movies-1874-1879.xml</link>
    <summary>Browse movies released in the 1870s</summary>
    <thumbnail></thumbnail>
  </dir>
  
  <dir>
    <title>2020</title>
    <tmdb>year/movies/2020</tmdb>
    <thumbnail></thumbnail>
  </dir>
  
  <dir>
    <title>2019</title>
    <tmdb>year/movies/2019</tmdb>
    <thumbnail></thumbnail>
  </dir>

  <dir>
    <title>2018</title>
    <tmdb>year/movies/2018</tmdb>
    <thumbnail></thumbnail>
  </dir>

  <dir>
    <title>2017</title>
    <tmdb>year/movies/2017</tmdb>
    <thumbnail></thumbnail>
  </dir>

  <dir>
    <title>2016</title>
    <tmdb>year/movies/2016</tmdb>
    <thumbnail></thumbnail>
  </dir>

  <dir>
    <title>2015</title>
    <tmdb>year/movies/2015</tmdb>
    <thumbnail></thumbnail>
  </dir>

  <dir>
    <title>2014</title>
    <tmdb>year/movies/2014</tmdb>
    <thumbnail></thumbnail>
  </dir>

  <dir>
    <title>2013</title>
    <tmdb>year/movies/2013</tmdb>
    <thumbnail></thumbnail>
  </dir>

  <dir>
    <title>2012</title>
    <tmdb>year/movies/2012</tmdb>
    <thumbnail></thumbnail>
  </dir>

  <dir>
    <title>2011</title>
    <tmdb>year/movies/2011</tmdb>
    <thumbnail></thumbnail>
  </dir>

  <dir>
    <title>2010</title>
    <tmdb>year/movies/2010</tmdb>
    <thumbnail></thumbnail>
  </dir>

  <dir>
    <title>2009</title>
    <tmdb>year/movies/2009</tmdb>
    <thumbnail></thumbnail>
  </dir>

  <dir>
    <title>2008</title>
    <tmdb>year/movies/2008</tmdb>
    <thumbnail></thumbnail>
  </dir>

  <dir>
    <title>2007</title>
    <tmdb>year/movies/2007</tmdb>
    <thumbnail></thumbnail>
  </dir>

  <dir>
    <title>2006</title>
    <tmdb>year/movies/2006</tmdb>
    <thumbnail></thumbnail>
  </dir>

  <dir>
    <title>2005</title>
    <tmdb>year/movies/2005</tmdb>
    <thumbnail></thumbnail>
  </dir>

  <dir>
    <title>2004</title>
    <tmdb>year/movies/2004</tmdb>
    <thumbnail></thumbnail>
  </dir>

  <dir>
    <title>2003</title>
    <tmdb>year/movies/2003</tmdb>
    <thumbnail></thumbnail>
  </dir>

  <dir>
    <title>2002</title>
    <tmdb>year/movies/2002</tmdb>
    <thumbnail></thumbnail>
  </dir>

  <dir>
    <title>2001</title>
    <tmdb>year/movies/2001</tmdb>
    <thumbnail></thumbnail>
  </dir>

  <dir>
    <title>2000</title>
    <tmdb>year/movies/2000</tmdb>
    <thumbnail></thumbnail>
  </dir>

  <dir>
    <title>1999</title>
    <tmdb>year/movies/1999</tmdb>
    <thumbnail></thumbnail>
  </dir>

  <dir>
    <title>1998</title>
    <tmdb>year/movies/1998</tmdb>
    <thumbnail></thumbnail>
  </dir>

  <dir>
    <title>1997</title>
    <tmdb>year/movies/1997</tmdb>
    <thumbnail></thumbnail>
  </dir>

  <dir>
    <title>1996</title>
    <tmdb>year/movies/1996</tmdb>
    <thumbnail></thumbnail>
  </dir>

  <dir>
    <title>1995</title>
    <tmdb>year/movies/1995</tmdb>
    <thumbnail></thumbnail>
  </dir>

  <dir>
    <title>1994</title>
    <tmdb>year/movies/1994</tmdb>
    <thumbnail></thumbnail>
  </dir>

  <dir>
    <title>1993</title>
    <tmdb>year/movies/1993</tmdb>
    <thumbnail></thumbnail>
  </dir>

  <dir>
    <title>1992</title>
    <tmdb>year/movies/1992</tmdb>
    <thumbnail></thumbnail>
  </dir>

  <dir>
    <title>1991</title>
    <tmdb>year/movies/1991</tmdb>
    <thumbnail></thumbnail>
  </dir>

  <dir>
    <title>1990</title>
    <tmdb>year/movies/1990</tmdb>
    <thumbnail></thumbnail>
  </dir>

  <dir>
    <title>1989</title>
    <tmdb>year/movies/1989</tmdb>
    <thumbnail></thumbnail>
  </dir>

  <dir>
    <title>1988</title>
    <tmdb>year/movies/1988</tmdb>
    <thumbnail></thumbnail>
  </dir>

  <dir>
    <title>1987</title>
    <tmdb>year/movies/1987</tmdb>
    <thumbnail></thumbnail>
  </dir>

  <dir>
    <title>1986</title>
    <tmdb>year/movies/1986</tmdb>
    <thumbnail></thumbnail>
  </dir>

  <dir>
    <title>1985</title>
    <tmdb>year/movies/1985</tmdb>
    <thumbnail></thumbnail>
  </dir>

  <dir>
    <title>1984</title>
    <tmdb>year/movies/1984</tmdb>
    <thumbnail></thumbnail>
  </dir>

  <dir>
    <title>1983</title>
    <tmdb>year/movies/1983</tmdb>
    <thumbnail></thumbnail>
  </dir>

  <dir>
    <title>1982</title>
    <tmdb>year/movies/1982</tmdb>
    <thumbnail></thumbnail>
  </dir>

  <dir>
    <title>1981</title>
    <tmdb>year/movies/1981</tmdb>
    <thumbnail></thumbnail>
  </dir>

  <dir>
    <title>1980</title>
    <tmdb>year/movies/1980</tmdb>
    <thumbnail></thumbnail>
  </dir>

  <dir>
    <title>1979</title>
    <tmdb>year/movies/1979</tmdb>
    <thumbnail></thumbnail>
  </dir>

  <dir>
    <title>1978</title>
    <tmdb>year/movies/1978</tmdb>
    <thumbnail></thumbnail>
  </dir>

  <dir>
    <title>1977</title>
    <tmdb>year/movies/1977</tmdb>
    <thumbnail></thumbnail>
  </dir>

  <dir>
    <title>1976</title>
    <tmdb>year/movies/1976</tmdb>
    <thumbnail></thumbnail>
  </dir>

  <dir>
    <title>1975</title>
    <tmdb>year/movies/1975</tmdb>
    <thumbnail></thumbnail>
  </dir>

  <dir>
    <title>1974</title>
    <tmdb>year/movies/1974</tmdb>
    <thumbnail></thumbnail>
  </dir>

  <dir>
    <title>1973</title>
    <tmdb>year/movies/1973</tmdb>
    <thumbnail></thumbnail>
  </dir>

  <dir>
    <title>1972</title>
    <tmdb>year/movies/1972</tmdb>
    <thumbnail></thumbnail>
  </dir>

  <dir>
    <title>1971</title>
    <tmdb>year/movies/1971</tmdb>
    <thumbnail></thumbnail>
  </dir>

  <dir>
    <title>1970</title>
    <tmdb>year/movies/1970</tmdb>
    <thumbnail></thumbnail>
  </dir>

  <dir>
    <title>1969</title>
    <tmdb>year/movies/1969</tmdb>
    <thumbnail></thumbnail>
  </dir>

  <dir>
    <title>1968</title>
    <tmdb>year/movies/1968</tmdb>
    <thumbnail></thumbnail>
  </dir>

  <dir>
    <title>1967</title>
    <tmdb>year/movies/1967</tmdb>
    <thumbnail></thumbnail>
  </dir>

  <dir>
    <title>1966</title>
    <tmdb>year/movies/1966</tmdb>
    <thumbnail></thumbnail>
  </dir>

  <dir>
    <title>1965</title>
    <tmdb>year/movies/1965</tmdb>
    <thumbnail></thumbnail>
  </dir>

  <dir>
    <title>1964</title>
    <tmdb>year/movies/1964</tmdb>
    <thumbnail></thumbnail>
  </dir>

  <dir>
    <title>1963</title>
    <tmdb>year/movies/1963</tmdb>
    <thumbnail></thumbnail>
  </dir>

  <dir>
    <title>1962</title>
    <tmdb>year/movies/1962</tmdb>
    <thumbnail></thumbnail>
  </dir>

  <dir>
    <title>1961</title>
    <tmdb>year/movies/1961</tmdb>
    <thumbnail></thumbnail>
  </dir>

  <dir>
    <title>1960</title>
    <tmdb>year/movies/1960</tmdb>
    <thumbnail></thumbnail>
  </dir>

  <dir>
    <title>1959</title>
    <tmdb>year/movies/1959</tmdb>
    <thumbnail></thumbnail>
  </dir>

  <dir>
    <title>1958</title>
    <tmdb>year/movies/1958</tmdb>
    <thumbnail></thumbnail>
  </dir>

  <dir>
    <title>1957</title>
    <tmdb>year/movies/1957</tmdb>
    <thumbnail></thumbnail>
  </dir>

  <dir>
    <title>1956</title>
    <tmdb>year/movies/1956</tmdb>
    <thumbnail></thumbnail>
  </dir>

  <dir>
    <title>1955</title>
    <tmdb>year/movies/1955</tmdb>
    <thumbnail></thumbnail>
  </dir>

  <dir>
    <title>1954</title>
    <tmdb>year/movies/1954</tmdb>
    <thumbnail></thumbnail>
  </dir>

  <dir>
    <title>1953</title>
    <tmdb>year/movies/1953</tmdb>
    <thumbnail></thumbnail>
  </dir>

  <dir>
    <title>1952</title>
    <tmdb>year/movies/1952</tmdb>
    <thumbnail></thumbnail>
  </dir>

  <dir>
    <title>1951</title>
    <tmdb>year/movies/1951</tmdb>
    <thumbnail></thumbnail>
  </dir>

  <dir>
    <title>1950</title>
    <tmdb>year/movies/1950</tmdb>
    <thumbnail></thumbnail>
  </dir>

  <dir>
    <title>1949</title>
    <tmdb>year/movies/1949</tmdb>
    <thumbnail></thumbnail>
  </dir>

  <dir>
    <title>1948</title>
    <tmdb>year/movies/1948</tmdb>
    <thumbnail></thumbnail>
  </dir>

  <dir>
    <title>1947</title>
    <tmdb>year/movies/1947</tmdb>
    <thumbnail></thumbnail>
  </dir>

  <dir>
    <title>1946</title>
    <tmdb>year/movies/1946</tmdb>
    <thumbnail></thumbnail>
  </dir>

  <dir>
    <title>1945</title>
    <tmdb>year/movies/1945</tmdb>
    <thumbnail></thumbnail>
  </dir>

  <dir>
    <title>1944</title>
    <tmdb>year/movies/1944</tmdb>
    <thumbnail></thumbnail>
  </dir>

  <dir>
    <title>1943</title>
    <tmdb>year/movies/1943</tmdb>
    <thumbnail></thumbnail>
  </dir>

  <dir>
    <title>1942</title>
    <tmdb>year/movies/1942</tmdb>
    <thumbnail></thumbnail>
  </dir>

  <dir>
    <title>1941</title>
    <tmdb>year/movies/1941</tmdb>
    <thumbnail></thumbnail>
  </dir>

  <dir>
    <title>1940</title>
    <tmdb>year/movies/1940</tmdb>
    <thumbnail></thumbnail>
  </dir>

  <dir>
    <title>1939</title>
    <tmdb>year/movies/1939</tmdb>
    <thumbnail></thumbnail>
  </dir>

  <dir>
    <title>1938</title>
    <tmdb>year/movies/1938</tmdb>
    <thumbnail></thumbnail>
  </dir>

  <dir>
    <title>1937</title>
    <tmdb>year/movies/1937</tmdb>
    <thumbnail></thumbnail>
  </dir>

  <dir>
    <title>1936</title>
    <tmdb>year/movies/1936</tmdb>
    <thumbnail></thumbnail>
  </dir>

  <dir>
    <title>1935</title>
    <tmdb>year/movies/1935</tmdb>
    <thumbnail></thumbnail>
  </dir>

  <dir>
    <title>1934</title>
    <tmdb>year/movies/1934</tmdb>
    <thumbnail></thumbnail>
  </dir>

  <dir>
    <title>1933</title>
    <tmdb>year/movies/1933</tmdb>
    <thumbnail></thumbnail>
  </dir>

  <dir>
    <title>1932</title>
    <tmdb>year/movies/1932</tmdb>
    <thumbnail></thumbnail>
  </dir>

  <dir>
    <title>1931</title>
    <tmdb>year/movies/1931</tmdb>
    <thumbnail></thumbnail>
  </dir>

  <dir>
    <title>1930</title>
    <tmdb>year/movies/1930</tmdb>
    <thumbnail></thumbnail>
  </dir>

  <dir>
    <title>1929</title>
    <tmdb>year/movies/1929</tmdb>
    <thumbnail></thumbnail>
  </dir>

  <dir>
    <title>1928</title>
    <tmdb>year/movies/1928</tmdb>
    <thumbnail></thumbnail>
  </dir>

  <dir>
    <title>1927</title>
    <tmdb>year/movies/1927</tmdb>
    <thumbnail></thumbnail>
  </dir>

  <dir>
    <title>1926</title>
    <tmdb>year/movies/1926</tmdb>
    <thumbnail></thumbnail>
  </dir>

  <dir>
    <title>1925</title>
    <tmdb>year/movies/1925</tmdb>
    <thumbnail></thumbnail>
  </dir>

  <dir>
    <title>1924</title>
    <tmdb>year/movies/1924</tmdb>
    <thumbnail></thumbnail>
  </dir>

  <dir>
    <title>1923</title>
    <tmdb>year/movies/1923</tmdb>
    <thumbnail></thumbnail>
  </dir>

  <dir>
    <title>1922</title>
    <tmdb>year/movies/1922</tmdb>
    <thumbnail></thumbnail>
  </dir>

  <dir>
    <title>1921</title>
    <tmdb>year/movies/1921</tmdb>
    <thumbnail></thumbnail>
  </dir>

  <dir>
    <title>1920</title>
    <tmdb>year/movies/1920</tmdb>
    <thumbnail></thumbnail>
  </dir>

  <dir>
    <title>1919</title>
    <tmdb>year/movies/1919</tmdb>
    <thumbnail></thumbnail>
  </dir>

  <dir>
    <title>1918</title>
    <tmdb>year/movies/1918</tmdb>
    <thumbnail></thumbnail>
  </dir>

  <dir>
    <title>1917</title>
    <tmdb>year/movies/1917</tmdb>
    <thumbnail></thumbnail>
  </dir>

  <dir>
    <title>1916</title>
    <tmdb>year/movies/1916</tmdb>
    <thumbnail></thumbnail>
  </dir>

  <dir>
    <title>1915</title>
    <tmdb>year/movies/1915</tmdb>
    <thumbnail></thumbnail>
  </dir>

  <dir>
    <title>1914</title>
    <tmdb>year/movies/1914</tmdb>
    <thumbnail></thumbnail>
  </dir>

  <dir>
    <title>1913</title>
    <tmdb>year/movies/1913</tmdb>
    <thumbnail></thumbnail>
  </dir>

  <dir>
    <title>1912</title>
    <tmdb>year/movies/1912</tmdb>
    <thumbnail></thumbnail>
  </dir>

  <dir>
    <title>1911</title>
    <tmdb>year/movies/1911</tmdb>
    <thumbnail></thumbnail>
  </dir>

  <dir>
    <title>1910</title>
    <tmdb>year/movies/1910</tmdb>
    <thumbnail></thumbnail>
  </dir>

  <dir>
    <title>1909</title>
    <tmdb>year/movies/1909</tmdb>
    <thumbnail></thumbnail>
  </dir>

  <dir>
    <title>1908</title>
    <tmdb>year/movies/1908</tmdb>
    <thumbnail></thumbnail>
  </dir>

  <dir>
    <title>1907</title>
    <tmdb>year/movies/1907</tmdb>
    <thumbnail></thumbnail>
  </dir>

  <dir>
    <title>1906</title>
    <tmdb>year/movies/1906</tmdb>
    <thumbnail></thumbnail>
  </dir>

  <dir>
    <title>1905</title>
    <tmdb>year/movies/1905</tmdb>
    <thumbnail></thumbnail>
  </dir>

  <dir>
    <title>1904</title>
    <tmdb>year/movies/1904</tmdb>
    <thumbnail></thumbnail>
  </dir>

  <dir>
    <title>1903</title>
    <tmdb>year/movies/1903</tmdb>
    <thumbnail></thumbnail>
  </dir>

  <dir>
    <title>1902</title>
    <tmdb>year/movies/1902</tmdb>
    <thumbnail></thumbnail>
  </dir>

  <dir>
    <title>1901</title>
    <tmdb>year/movies/1901</tmdb>
    <thumbnail></thumbnail>
  </dir>

  <dir>
    <title>1900</title>
    <tmdb>year/movies/1900</tmdb>
    <thumbnail></thumbnail>
  </dir>

  <dir>
    <title>1899</title>
    <tmdb>year/movies/1899</tmdb>
    <thumbnail></thumbnail>
  </dir>

  <dir>
    <title>1898</title>
    <tmdb>year/movies/1898</tmdb>
    <thumbnail></thumbnail>
  </dir>

  <dir>
    <title>1897</title>
    <tmdb>year/movies/1897</tmdb>
    <thumbnail></thumbnail>
  </dir>

  <dir>
    <title>1896</title>
    <tmdb>year/movies/1896</tmdb>
    <thumbnail></thumbnail>
  </dir>

  <dir>
    <title>1895</title>
    <tmdb>year/movies/1895</tmdb>
    <thumbnail></thumbnail>
  </dir>

  <dir>
    <title>1894</title>
    <tmdb>year/movies/1894</tmdb>
    <thumbnail></thumbnail>
  </dir>

  <dir>
    <title>1893</title>
    <tmdb>year/movies/1893</tmdb>
    <thumbnail></thumbnail>
  </dir>

  <dir>
    <title>1892</title>
    <tmdb>year/movies/1892</tmdb>
    <thumbnail></thumbnail>
  </dir>

  <dir>
    <title>1891</title>
    <tmdb>year/movies/1891</tmdb>
    <thumbnail></thumbnail>
  </dir>

  <dir>
    <title>1890</title>
    <tmdb>year/movies/1890</tmdb>
    <thumbnail></thumbnail>
  </dir>

  <dir>
    <title>1889</title>
    <tmdb>year/movies/1889</tmdb>
    <thumbnail></thumbnail>
  </dir>

  <dir>
    <title>1888</title>
    <tmdb>year/movies/1888</tmdb>
    <thumbnail></thumbnail>
  </dir>

  <dir>
    <title>1887</title>
    <tmdb>year/movies/1887</tmdb>
    <thumbnail></thumbnail>
  </dir>

  <dir>
    <title>1884</title>
    <tmdb>year/movies/1884</tmdb>
    <thumbnail></thumbnail>
  </dir>

  <dir>
    <title>1883</title>
    <tmdb>year/movies/1883</tmdb>
    <thumbnail></thumbnail>
  </dir>

  <dir>
    <title>1878</title>
    <tmdb>year/movies/1878</tmdb>
    <thumbnail></thumbnail>
  </dir>

  <dir>
    <title>1874</title>
    <tmdb>year/movies/1874</tmdb>
    <thumbnail></thumbnail>
  </dir>