  <dir>
    <title>1919</title>
    <tmdb>year/movies/1919</tmdb>
    <summary>Browse movies released in 1919</summary>
    <thumbnail></thumbnail>
  </dir>

  <dir>
    <title>1918</title>
    <tmdb>year/movies/1918</tmdb>
    <summary>Browse movies released in 1918</summary>
    <thumbnail></thumbnail>
  </dir>

  <dir>
    <title>1917</title>
    <tmdb>year/movies/1917</tmdb>
    <summary>Browse movies released in 1917</summary>
    <thumbnail></thumbnail>
  </dir>

  <dir>
    <title>1916</title>
    <tmdb>year/movies/1916</tmdb>
    <summary>Browse movies released in 1916</summary>
    <thumbnail></thumbnail>
  </dir>

  <dir>
    <title>1915</title>
    <tmdb>year/movies/1915</tmdb>
    <summary>Browse movies released in 1915</summary>
    <thumbnail></thumbnail>
  </dir>

  <dir>
    <title>1914</title>
    <tmdb>year/movies/1914</tmdb>
    <summary>Browse movies released in 1914</summary>
    <thumbnail></thumbnail>
  </dir>

  <dir>
    <title>1913</title>
    <tmdb>year/movies/1913</tmdb>
    <summary>Browse movies released in 1913</summary>
    <thumbnail></thumbnail>
  </dir>

  <dir>
    <title>1912</title>
    <tmdb>year/movies/1912</tmdb>
    <summary>Browse movies released in 1912</summary>
    <thumbnail></thumbnail>
  </dir>

  <dir>
    <title>1911</title>
    <tmdb>year/movies/1911</tmdb>
    <summary>Browse movies released in 1911</summary>
    <thumbnail></thumbnail>
  </dir>

  <dir>
    <title>1910</title>
    <tmdb>year/movies/1910</tmdb>
    <summary>Browse movies released in 1910</summary>
    <thumbnail></thumbnail>
  </dir>