  <dir>
    <title>1969</title>
    <tmdb>year/movies/1969</tmdb>
    <summary>Browse movies released in 1969</summary>
    <thumbnail></thumbnail>
  </dir>

  <dir>
    <title>1968</title>
    <tmdb>year/movies/1968</tmdb>
    <summary>Browse movies released in 1968</summary>
    <thumbnail></thumbnail>
  </dir>

  <dir>
    <title>1967</title>
    <tmdb>year/movies/1967</tmdb>
    <summary>Browse movies released in 1967</summary>
    <thumbnail></thumbnail>
  </dir>

  <dir>
    <title>1966</title>
    <tmdb>year/movies/1966</tmdb>
    <summary>Browse movies released in 1966</summary>
    <thumbnail></thumbnail>
  </dir>

  <dir>
    <title>1965</title>
    <tmdb>year/movies/1965</tmdb>
    <summary>Browse movies released in 1965</summary>
    <thumbnail></thumbnail>
  </dir>

  <dir>
    <title>1964</title>
    <tmdb>year/movies/1964</tmdb>
    <summary>Browse movies released in 1964</summary>
    <thumbnail></thumbnail>
  </dir>

  <dir>
    <title>1963</title>
    <tmdb>year/movies/1963</tmdb>
    <summary>Browse movies released in 1963</summary>
    <thumbnail></thumbnail>
  </dir>

  <dir>
    <title>1962</title>
    <tmdb>year/movies/1962</tmdb>
    <summary>Browse movies released in 1962</summary>
    <thumbnail></thumbnail>
  </dir>

  <dir>
    <title>1961</title>
    <tmdb>year/movies/1961</tmdb>
    <summary>Browse movies released in 1961</summary>
    <thumbnail></thumbnail>
  </dir>

  <dir>
    <title>1960</title>
    <tmdb>year/movies/1960</tmdb>
    <summary>Browse movies released in 1960</summary>
    <thumbnail></thumbnail>
  </dir>