  <dir>
    <title>1929</title>
    <tmdb>year/movies/1929</tmdb>
    <summary>Browse movies released in 1929</summary>
    <thumbnail></thumbnail>
  </dir>

  <dir>
    <title>1928</title>
    <tmdb>year/movies/1928</tmdb>
    <summary>Browse movies released in 1928</summary>
    <thumbnail></thumbnail>
  </dir>

  <dir>
    <title>1927</title>
    <tmdb>year/movies/1927</tmdb>
    <summary>Browse movies released in 1927</summary>
    <thumbnail></thumbnail>
  </dir>

  <dir>
    <title>1926</title>
    <tmdb>year/movies/1926</tmdb>
    <summary>Browse movies released in 1926</summary>
    <thumbnail></thumbnail>
  </dir>

  <dir>
    <title>1925</title>
    <tmdb>year/movies/1925</tmdb>
    <summary>Browse movies released in 1925</summary>
    <thumbnail></thumbnail>
  </dir>

  <dir>
    <title>1924</title>
    <tmdb>year/movies/1924</tmdb>
    <summary>Browse movies released in 1924</summary>
    <thumbnail></thumbnail>
  </dir>

  <dir>
    <title>1923</title>
    <tmdb>year/movies/1923</tmdb>
    <summary>Browse movies released in 1923</summary>
    <thumbnail></thumbnail>
  </dir>

  <dir>
    <title>1922</title>
    <tmdb>year/movies/1922</tmdb>
    <summary>Browse movies released in 1922</summary>
    <thumbnail></thumbnail>
  </dir>

  <dir>
    <title>1921</title>
    <tmdb>year/movies/1921</tmdb>
    <summary>Browse movies released in 1921</summary>
    <thumbnail></thumbnail>
  </dir>

  <dir>
    <title>1920</title>
    <tmdb>year/movies/1920</tmdb>
    <summary>Browse movies released in 1920</summary>
    <thumbnail></thumbnail>
  </dir>