  <dir>
    <title>1949</title>
    <tmdb>year/movies/1949</tmdb>
    <summary>Browse movies released in 1949</summary>
    <thumbnail></thumbnail>
  </dir>

  <dir>
    <title>1948</title>
    <tmdb>year/movies/1948</tmdb>
    <summary>Browse movies released in 1948</summary>
    <thumbnail></thumbnail>
  </dir>

  <dir>
    <title>1947</title>
    <tmdb>year/movies/1947</tmdb>
    <summary>Browse movies released in 1947</summary>
    <thumbnail></thumbnail>
  </dir>

  <dir>
    <title>1946</title>
    <tmdb>year/movies/1946</tmdb>
    <summary>Browse movies released in 1946</summary>
    <thumbnail></thumbnail>
  </dir>

  <dir>
    <title>1945</title>
    <tmdb>year/movies/1945</tmdb>
    <summary>Browse movies released in 1945</summary>
    <thumbnail></thumbnail>
  </dir>

  <dir>
    <title>1944</title>
    <tmdb>year/movies/1944</tmdb>
    <summary>Browse movies released in 1944</summary>
    <thumbnail></thumbnail>
  </dir>

  <dir>
    <title>1943</title>
    <tmdb>year/movies/1943</tmdb>
    <summary>Browse movies released in 1943</summary>
    <thumbnail></thumbnail>
  </dir>

  <dir>
    <title>1942</title>
    <tmdb>year/movies/1942</tmdb>
    <summary>Browse movies released in 1942</summary>
    <thumbnail></thumbnail>
  </dir>

  <dir>
    <title>1941</title>
    <tmdb>year/movies/1941</tmdb>
    <summary>Browse movies released in 1941</summary>
    <thumbnail></thumbnail>
  </dir>

  <dir>
    <title>1940</title>
    <tmdb>year/movies/1940</tmdb>
    <summary>Browse movies released in 1940</summary>
    <thumbnail></thumbnail>
  </dir>