  <dir>
    <title>1899</title>
    <tmdb>year/movies/1899</tmdb>
    <summary>Browse movies released in 1899</summary>
    <thumbnail></thumbnail>
  </dir>

  <dir>
    <title>1898</title>
    <tmdb>year/movies/1898</tmdb>
    <summary>Browse movies released in 1898</summary>
    <thumbnail></thumbnail>
  </dir>

  <dir>
    <title>1897</title>
    <tmdb>year/movies/1897</tmdb>
    <summary>Browse movies released in 1897</summary>
    <thumbnail></thumbnail>
  </dir>

  <dir>
    <title>1896</title>
    <tmdb>year/movies/1896</tmdb>
    <summary>Browse movies released in 1896</summary>
    <thumbnail></thumbnail>
  </dir>

  <dir>
    <title>1895</title>
    <tmdb>year/movies/1895</tmdb>
    <summary>Browse movies released in 1895</summary>
    <thumbnail></thumbnail>
  </dir>

  <dir>
    <title>1894</title>
    <tmdb>year/movies/1894</tmdb>
    <summary>Browse movies released in 1894</summary>
    <thumbnail></thumbnail>
  </dir>

  <dir>
    <title>1893</title>
    <tmdb>year/movies/1893</tmdb>
    <summary>Browse movies released in 1893</summary>
    <thumbnail></thumbnail>
  </dir>

  <dir>
    <title>1892</title>
    <tmdb>year/movies/1892</tmdb>
    <summary>Browse movies released in 1892</summary>
    <thumbnail></thumbnail>
  </dir>

  <dir>
    <title>1891</title>
    <tmdb>year/movies/1891</tmdb>
    <summary>Browse movies released in 1891</summary>
    <thumbnail></thumbnail>
  </dir>

  <dir>
    <title>1890</title>
    <tmdb>year/movies/1890</tmdb>
    <summary>Browse movies released in 1890</summary>
    <thumbnail></thumbnail>
  </dir>