  <dir>
    <title>1959</title>
    <tmdb>year/movies/1959</tmdb>
    <summary>Browse movies released in 1959</summary>
    <thumbnail></thumbnail>
  </dir>

  <dir>
    <title>1958</title>
    <tmdb>year/movies/1958</tmdb>
    <summary>Browse movies released in 1958</summary>
    <thumbnail></thumbnail>
  </dir>

  <dir>
    <title>1957</title>
    <tmdb>year/movies/1957</tmdb>
    <summary>Browse movies released in 1957</summary>
    <thumbnail></thumbnail>
  </dir>

  <dir>
    <title>1956</title>
    <tmdb>year/movies/1956</tmdb>
    <summary>Browse movies released in 1956</summary>
    <thumbnail></thumbnail>
  </dir>

  <dir>
    <title>1955</title>
    <tmdb>year/movies/1955</tmdb>
    <summary>Browse movies released in 1955</summary>
    <thumbnail></thumbnail>
  </dir>

  <dir>
    <title>1954</title>
    <tmdb>year/movies/1954</tmdb>
    <summary>Browse movies released in 1954</summary>
    <thumbnail></thumbnail>
  </dir>

  <dir>
    <title>1953</title>
    <tmdb>year/movies/1953</tmdb>
    <summary>Browse movies released in 1953</summary>
    <thumbnail></thumbnail>
  </dir>

  <dir>
    <title>1952</title>
    <tmdb>year/movies/1952</tmdb>
    <summary>Browse movies released in 1952</summary>
    <thumbnail></thumbnail>
  </dir>

  <dir>
    <title>1951</title>
    <tmdb>year/movies/1951</tmdb>
    <summary>Browse movies released in 1951</summary>
    <thumbnail></thumbnail>
  </dir>

  <dir>
    <title>1950</title>
    <tmdb>year/movies/1950</tmdb>
    <summary>Browse movies released in 1950</summary>
    <thumbnail></thumbnail>
  </dir>