  <dir>
    <title>2009</title>
    <tmdb>year/movies/2009</tmdb>
    <summary>Browse movies released in 2009</summary>
    <thumbnail></thumbnail>
  </dir>

  <dir>
    <title>2008</title>
    <tmdb>year/movies/2008</tmdb>
    <summary>Browse movies released in 2008</summary>
    <thumbnail></thumbnail>
  </dir>

  <dir>
    <title>2007</title>
    <tmdb>year/movies/2007</tmdb>
    <summary>Browse movies released in 2007</summary>
    <thumbnail></thumbnail>
  </dir>

  <dir>
    <title>2006</title>
    <tmdb>year/movies/2006</tmdb>
    <summary>Browse movies released in 2006</summary>
    <thumbnail></thumbnail>
  </dir>

  <dir>
    <title>2005</title>
    <tmdb>year/movies/2005</tmdb>
    <summary>Browse movies released in 2005</summary>
    <thumbnail></thumbnail>
  </dir>

  <dir>
    <title>2004</title>
    <tmdb>year/movies/2004</tmdb>
    <summary>Browse movies released in 2004</summary>
    <thumbnail></thumbnail>
  </dir>

  <dir>
    <title>2003</title>
    <tmdb>year/movies/2003</tmdb>
    <summary>Browse movies released in 2003</summary>
    <thumbnail></thumbnail>
  </dir>

  <dir>
    <title>2002</title>
    <tmdb>year/movies/2002</tmdb>
    <summary>Browse movies released in 2002</summary>
    <thumbnail></thumbnail>
  </dir>

  <dir>
    <title>2001</title>
    <tmdb>year/movies/2001</tmdb>
    <summary>Browse movies released in 2001</summary>
    <thumbnail></thumbnail>
  </dir>

  <dir>
    <title>2000</title>
    <tmdb>year/movies/2000</tmdb>
    <summary>Browse movies released in 2000</summary>
    <thumbnail></thumbnail>
  </dir>