  <dir>
    <title>1979</title>
    <tmdb>year/movies/1979</tmdb>
    <summary>Browse movies released in 1979</summary>
    <thumbnail></thumbnail>
  </dir>

  <dir>
    <title>1978</title>
    <tmdb>year/movies/1978</tmdb>
    <summary>Browse movies released in 1978</summary>
    <thumbnail></thumbnail>
  </dir>

  <dir>
    <title>1977</title>
    <tmdb>year/movies/1977</tmdb>
    <summary>Browse movies released in 1977</summary>
    <thumbnail></thumbnail>
  </dir>

  <dir>
    <title>1976</title>
    <tmdb>year/movies/1976</tmdb>
    <summary>Browse movies released in 1976</summary>
    <thumbnail></thumbnail>
  </dir>

  <dir>
    <title>1975</title>
    <tmdb>year/movies/1975</tmdb>
    <summary>Browse movies released in 1975</summary>
    <thumbnail></thumbnail>
  </dir>

  <dir>
    <title>1974</title>
    <tmdb>year/movies/1974</tmdb>
    <summary>Browse movies released in 1974</summary>
    <thumbnail></thumbnail>
  </dir>

  <dir>
    <title>1973</title>
    <tmdb>year/movies/1973</tmdb>
    <summary>Browse movies released in 1973</summary>
    <thumbnail></thumbnail>
  </dir>

  <dir>
    <title>1972</title>
    <tmdb>year/movies/1972</tmdb>
    <summary>Browse movies released in 1972</summary>
    <thumbnail></thumbnail>
  </dir>

  <dir>
    <title>1971</title>
    <tmdb>year/movies/1971</tmdb>
    <summary>Browse movies released in 1971</summary>
    <thumbnail></thumbnail>
  </dir>

  <dir>
    <title>1970</title>
    <tmdb>year/movies/1970</tmdb>
    <summary>Browse movies released in 1970</summary>
    <thumbnail></thumbnail>
  </dir>