  <dir>
    <title>2020</title>
    <tmdb>year/movies/2020</tmdb>
    <summary>Browse movies released in 2020</summary>
    <thumbnail></thumbnail>
  </dir>
  
  <dir>
    <title>2019</title>
    <tmdb>year/movies/2019</tmdb>
    <summary>Browse movies released in 2019</summary>
    <thumbnail></thumbnail>
  </dir>
  
    <dir>
    <title>2018</title>
    <tmdb>year/movies/2018</tmdb>
    <summary>Browse movies released in 2018</summary>
    <thumbnail></thumbnail>
  </dir>

  <dir>
    <title>2017</title>
    <tmdb>year/movies/2017</tmdb>
    <summary>Browse movies released in 2017</summary>
    <thumbnail></thumbnail>
  </dir>

  <dir>
    <title>2016</title>
    <tmdb>year/movies/2016</tmdb>
    <summary>Browse movies released in 2016</summary>
    <thumbnail></thumbnail>
  </dir>

  <dir>
    <title>2015</title>
    <tmdb>year/movies/2015</tmdb>
    <summary>Browse movies released in 2015</summary>
    <thumbnail></thumbnail>
  </dir>

  <dir>
    <title>2014</title>
    <tmdb>year/movies/2014</tmdb>
    <summary>Browse movies released in 2014</summary>
    <thumbnail></thumbnail>
  </dir>

  <dir>
    <title>2013</title>
    <tmdb>year/movies/2013</tmdb>
    <summary>Browse movies released in 2013</summary>
    <thumbnail></thumbnail>
  </dir>

  <dir>
    <title>2012</title>
    <tmdb>year/movies/2012</tmdb>
    <summary>Browse movies released in 2012</summary>
    <thumbnail></thumbnail>
  </dir>

  <dir>
    <title>2011</title>
    <tmdb>year/movies/2011</tmdb>
    <summary>Browse movies released in 2011</summary>
    <thumbnail></thumbnail>
  </dir>

  <dir>
    <title>2010</title>
    <tmdb>year/movies/2010</tmdb>
    <summary>Browse movies released in 2010</summary>
    <thumbnail></thumbnail>
  </dir>