<?xml version="1.0" encoding="utf-8"standalone="yes"?


  <dir>
    <title>[B]Movies[/B]</title>
    <link>file://movies.xml</link>
    <thumbnail></thumbnail>
    <summary>Movies</summary>
  </dir>

  <dir>
    <title>[B]TV Shows[/B]</title>
    <link>file://tvshows.xml</link>
    <thumbnail></thumbnail>
    <summary>TV Shows</summary>
  </dir>

  <dir>
    <title>[B]Trakt[/B]</title>
    <link>file://trakt.xml</link>
    <thumbnail></thumbnail>
    <summary>Trakt</summary>
  </dir>
  
  <dir>
    <title>[B]Boxsets[/B]</title>
    <link>https://bit.ly/2rBpHik</link>
	<thumbnail></thumbnail>
	<summary>TMDB</summary>
  </dir>

  <dir>
    <title>[B]Actors[/B]</title>
    <link>file://people.xml</link>
    <thumbnail></thumbnail>
    <summary>Actors</summary>
  </dir>

   <dir>
    <title>[B]WhatEver![/B]</title>
    <link>https://bit.ly/2Qv6tn4</link>
	<thumbnail></thumbnail>
	<summary>Took A Look!</summary>
  </dir>
  
  <dir>
    <title>[B]* Search *[/B]</title>
    <link>file://search.xml</link>
    <thumbnail>http://www.free-icons-download.net/images/icon-search-engine-optimization-40303.png</thumbnail>
    <summary>Search</summary>
  </dir>
		
  <plugin>
    <title>[B]* Settings *[/B]</title>
    <link>plugin://plugin.video.hideaway/?action=openSettings</link>
    <thumbnail>http://www.free-icons-download.net/images/system-settings-icon-47595.png</thumbnail>
    <summary>Settings</summary>
  </plugin>
  
  <plugin>
    <name>[B][COLOR red]* Clear Cache *[/COLOR][/B]</name>
    <link>plugin://plugin://plugin.video.hideaway/?mode=clearCache</link>
    <thumbnail>http://www.free-icons-download.net/images/ccleaner-icon-5820.png</thumbnail>
  </plugin>

  <item>
	<title>[B][COLOR orangered]HOW TO (PAIR OPENLOAD LINKS)[/B][/COLOR]</title>
    <link>https://www.youtube.com/watch?v=lklU3lv1N18</link>
	<thumbnail>http://www.free-icons-download.net/images/question-mark-icon-2-34509.png</thumbnail>
	<fanart></fanart>
	<content></content>
  </item>
  
  <item>
	<title>[B][COLOR orangered]HOW TO (CREATE YOUR OWN API KEY)[/B][/COLOR]</title>
    <link>https://www.youtube.com/watch?v=Q7swsALUS-o</link>
	<thumbnail>http://www.free-icons-download.net/images/question-mark-icon-2-34509.png</thumbnail>
	<fanart></fanart>
	<content></content>
  </item>
  
  
  <plugin>
    <name>Testings</name>
    <link>plugin://plugin.video.hideaway/?action=developer</link>
    <thumbnail>-</thumbnail>
  </plugin>
  
</xml>  
  
