<?xml version="1.0" encoding="utf-8"standalone="yes"?>


<dir>
<title>Popular</title>
<tmdb>movies/popular</tmdb>
<summary>Popular Movies</summary>
<thumbnail></thumbnail>
</dir>

<dir>
<title>Now Playing</title>
<tmdb>movies/now_playing</tmdb>
<summary>Movies Currently In Theaters</summary>
<thumbnail></thumbnail>
</dir>

<dir>
<title>Top Rated</title>
<tmdb>movies/top_rated</tmdb>
<summary>Top Rated TMDB Movies</summary>
<thumbnail></thumbnail>
</dir>

<dir>
<title>Genres</title>
<link>file://shared lists/genre_movies.xml</link>
<summary>Search Movies by Genre</summary>
<thumbnail></thumbnail>
</dir>

<dir>
<title>Years</title>
<link>file://shared lists/movies-years.xml</link>
<summary>Browse movies by year</summary>
<thumbnail></thumbnail>
</dir>

<dir>
<title>Disney Movies</title>
<link>trakt_list(arb,disney)</link>
<summary>Disney Movie Collection</summary>
<thumbnail></thumbnail>
</dir>

<dir>
<title>Oscar Winners</title>
<link>trakt_list(arb,oscar-winners)</link>
<summary>Winners of Best Picture Award</summary>
<thumbnail></thumbnail>
</dir>

<dir>
<title>Upcoming Movies</title>
<tmdb>movie/upcoming</tmdb>
<summary>Shows Trailers For Upcoming Movies</summary>
<thumbnail></thumbnail>
</dir>
  
<dir>
<title>Popcornflix</title>
<link>file://popcornflix/popcornflixmain.xml</link>
<summary>Youtube Media Genre</summary>
<thumbnail>https://kodi.tv/sites/default/files/addon_assets/plugin.video.popcornflix/icon/icon.png</thumbnail>
</dir>

</xml>