<xml>
  <dir>
    <title>Watched Movies</title>
    <trakt>https://api.trakt.tv/movies/watched</trakt>
    <thumbnail>https://kodi.tv/sites/default/files/styles/medium_crop/public/addon_assets/script.trakt/icon/icon.png?itok=1Io9_3Xl</thumbnail>
    <summary>Watched Movies</summary>
  </dir>

  <dir>
    <title>Trending Movies</title>
    <trakt>https://api.trakt.tv/movies/trending</trakt>
    <thumbnail>https://kodi.tv/sites/default/files/styles/medium_crop/public/addon_assets/script.trakt/icon/icon.png?itok=1Io9_3Xl</thumbnail>
    <summary>Trending Movies</summary>
  </dir>

  <dir>
    <title>Popular Movies</title>
    <trakt>https://api.trakt.tv/movies/popular</trakt>
    <thumbnail>https://kodi.tv/sites/default/files/styles/medium_crop/public/addon_assets/script.trakt/icon/icon.png?itok=1Io9_3Xl</thumbnail>
    <summary>Popular Movies</summary>
  </dir>

  <dir>
    <title>Trending TV Shows</title>
    <trakt>https://api.trakt.tv/shows/trending</trakt>
    <thumbnail>https://kodi.tv/sites/default/files/styles/medium_crop/public/addon_assets/script.trakt/icon/icon.png?itok=1Io9_3Xl</thumbnail>
    <summary>Trending TV Shows</summary>
  </dir>

  <dir>
    <title>Popular TV Shows</title>
    <trakt>https://api.trakt.tv/shows/popular</trakt>
    <thumbnail>https://kodi.tv/sites/default/files/styles/medium_crop/public/addon_assets/script.trakt/icon/icon.png?itok=1Io9_3Xl</thumbnail>
    <summary>Popular TV Shows</summary>
  </dir>

  <dir>
    <title>Collected TV Shows</title>
    <trakt>https://api.trakt.tv/shows/collected/weekly</trakt>
    <thumbnail>https://kodi.tv/sites/default/files/styles/medium_crop/public/addon_assets/script.trakt/icon/icon.png?itok=1Io9_3Xl</thumbnail>
    <summary>Collected TV Shows</summary>
  </dir>

  <dir>
      <title>My lists</title>
      <trakt>https://api.trakt.tv/users/me/lists/</trakt>
      <thumbnail>https://kodi.tv/sites/default/files/styles/medium_crop/public/addon_assets/script.trakt/icon/icon.png?itok=1Io9_3Xl</thumbnail>
      <summary>Your Trakt Lists</summary>
  </dir>

  <dir>
      <title>My Liked Lists</title>
      <trakt>https://api.trakt.tv/users/likes/lists</trakt>
      <thumbnail>https://kodi.tv/sites/default/files/styles/medium_crop/public/addon_assets/script.trakt/icon/icon.png?itok=1Io9_3Xl</thumbnail>
      <summary>Your Liked Lists</summary>
  </dir>
  
      <dir>
      <title>My Watchlist</title>
      <trakt>https://api.trakt.tv/users/me/watchlist/</trakt>
	  <thumbnail>https://kodi.tv/sites/default/files/styles/medium_crop/public/addon_assets/script.trakt/icon/icon.png?itok=1Io9_3Xl</thumbnail>
      <summary>Your Watch List</summary>
    </dir>

    <dir>
      <title>My Movie Collection</title>
      <trakt>https://api.trakt.tv/users/me/collection/movies</trakt>
	  <thumbnail>https://kodi.tv/sites/default/files/styles/medium_crop/public/addon_assets/script.trakt/icon/icon.png?itok=1Io9_3Xl</thumbnail>
      <summary>Your Movie Collection</summary>
    </dir>
	
	<dir>
      <title>My TV Show Collection</title>
      <trakt>https://api.trakt.tv/users/me/collection/shows</trakt>
	  <thumbnail>https://kodi.tv/sites/default/files/styles/medium_crop/public/addon_assets/script.trakt/icon/icon.png?itok=1Io9_3Xl</thumbnail>
      <summary>Your TV Show Collection</summary>
    </dir>
</xml>