<xml>
  <dir>
    <title>Popular</title>
    <tmdb>tv/popular</tmdb>
    <summary>Popular Shows</summary>
    <thumbnail></thumbnail>
  </dir>

  <dir>
    <title>Airing Today</title>
    <tmdb>tv/today</tmdb>
    <summary>Episodes Airing Today</summary>
    <thumbnail></thumbnail>
  </dir>

  <dir>
    <title>Top Rated</title>
    <tmdb>tv/top_rated</tmdb>
    <summary>Top Rated TMDB Shows</summary>
    <thumbnail></thumbnail>
  </dir>
  
  <dir>
    <title>Genres</title>
    <link>file://shared lists/genre_tv.xml</link>
    <summary>Search Shows by Genre</summary>
    <thumbnail></thumbnail>
  </dir>

  <dir>
    <title>On The Air</title>
    <tmdb>tv/on_the_air</tmdb>
    <summary>Shows Airing in Next 7 Days</summary>
    <thumbnail></thumbnail>
  </dir>

  <dir>
    <title>Networks</title>
    <link>file://shared lists/networks.xml</link>
    <summary>Search Shows by Network</summary>
    <thumbnail></thumbnail>
  </dir>
</xml>