<?xml version="1.0" encoding="utf-8"standalone="yes"?>

<plugin>
<title>[B]Popcornflix **** Fan Favorites[/B]</title>
<link>plugin://plugin.video.youtube/playlist/PLsZQnDqnebk4YzGIPJLYeJSI1F67d7jkm/</link>
<thumbnail>https://kodi.tv/sites/default/files/addon_assets/plugin.video.popcornflix/icon/icon.png</thumbnail>
<fanart>https://img.digitaltrends.com/image/popcornflix-screen-1200x630-c.jpg</fanart>
</plugin>

<plugin>
<title>[B]PopcornFlix **** Action - Full Movies[/B]</title>
<link>plugin://plugin.video.youtube/playlist/PLsZQnDqnebk4kN-oGYb2JmTU0ofZHqZTg/</link>
<thumbnail>https://kodi.tv/sites/default/files/addon_assets/plugin.video.popcornflix/icon/icon.png</thumbnail>
<fanart>https://img.digitaltrends.com/image/popcornflix-screen-1200x630-c.jpg</fanart>
</plugin>

<plugin>
<title>[B]PopcornFlix **** Sci-Fi - Full Movies[/B]</title>
<link>plugin://plugin.video.youtube/playlist/PLsZQnDqnebk7lTDI6aYGdSVf81_diEKMo/</link>
<thumbnail>https://kodi.tv/sites/default/files/addon_assets/plugin.video.popcornflix/icon/icon.png</thumbnail>
<fanart>https://img.digitaltrends.com/image/popcornflix-screen-1200x630-c.jpg</fanart>
</plugin>

<plugin>
<title>[B]PopcornFlix **** Family-friendly Movies[/B]</title>
<link>plugin://plugin.video.youtube/playlist/PLsZQnDqnebk6HK71JAkgigKthwe9XvEbz/</link>
<thumbnail>https://kodi.tv/sites/default/files/addon_assets/plugin.video.popcornflix/icon/icon.png</thumbnail>
<fanart>https://img.digitaltrends.com/image/popcornflix-screen-1200x630-c.jpg</fanart>
</plugin>

<plugin>
<title>[B]PopcornFlix **** Comedies - Full Movies[/B] </title>
<link>plugin://plugin.video.youtube/playlist/PLsZQnDqnebk5HQZ7Wh5dblxRumNWbzJJC/</link>
<thumbnail>https://kodi.tv/sites/default/files/addon_assets/plugin.video.popcornflix/icon/icon.png</thumbnail>
<fanart>https://img.digitaltrends.com/image/popcornflix-screen-1200x630-c.jpg</fanart>
</plugin>

<plugin>
<title>[B]PopcornFlix **** Romantic Comedies[/B]</title>
<link>plugin://plugin.video.youtube/playlist/PLsZQnDqnebk57K1G7_cO7z_Zqzyg3X84R/</link>
<thumbnail>https://kodi.tv/sites/default/files/addon_assets/plugin.video.popcornflix/icon/icon.png</thumbnail>
<fanart>https://img.digitaltrends.com/image/popcornflix-screen-1200x630-c.jpg</fanart>
</plugin>

<plugin>
<title>[B]PopcornFlix **** Dramas - Full Movies[/B]</title>
<link>plugin://plugin.video.youtube/playlist/PLsZQnDqnebk6N7EchSMbmLXkGTFguhUba/</link>
<thumbnail>https://kodi.tv/sites/default/files/addon_assets/plugin.video.popcornflix/icon/icon.png</thumbnail>
<fanart>https://img.digitaltrends.com/image/popcornflix-screen-1200x630-c.jpg</fanart>
</plugin>

<plugin>
<title>[B]PopcornFlix **** Thriller - Full Movies[/B]</title>
<link>plugin://plugin.video.youtube/playlist/PLsZQnDqnebk4ag9hhJd2AWerYn0CTzK5L/</link>
<thumbnail>https://kodi.tv/sites/default/files/addon_assets/plugin.video.popcornflix/icon/icon.png</thumbnail>
<fanart>https://img.digitaltrends.com/image/popcornflix-screen-1200x630-c.jpg</fanart>
</plugin>

<plugin>
<title>[B]PopcornFlix **** Horror - Full movies[/B]</title>
<link>plugin://plugin.video.youtube/playlist/PLsZQnDqnebk4P4a5SQHveJQWkooCkY8sn/</link>
<thumbnail>https://kodi.tv/sites/default/files/addon_assets/plugin.video.popcornflix/icon/icon.png</thumbnail>
<fanart>https://img.digitaltrends.com/image/popcornflix-screen-1200x630-c.jpg</fanart>
</plugin>

<plugin>
<title>[B]PopcornFlix **** Western - Full Movies[/B]</title>
<link>plugin://plugin.video.youtube/playlist/PLsZQnDqnebk6aptkpz6FTUcmzx14-J218/</link>
<thumbnail>https://kodi.tv/sites/default/files/addon_assets/plugin.video.popcornflix/icon/icon.png</thumbnail>
<fanart>https://img.digitaltrends.com/image/popcornflix-screen-1200x630-c.jpg</fanart>
</plugin>

<plugin>
<title></title>
<link>plugin://plugin.video.youtube/channel/**CHANNEL NUMBER**/playlists/</link>
<thumbnail></thumbnail>
</plugin>

</xml>