<?xml version="1.0" encoding="UTF-8" standalone="yes"?>
<addon id="plugin.program.sharkwizard" name="[B][COLOR dodgerblue]Shark Wizard[/COLOR][/B]" version="1.0.9" provider-name="Shark55">
    <requires>
        <import addon="xbmc.python" version="2.1.0" />
        <import addon="script.module.requests" />
        <import addon="script.module.six" />
    </requires>
    
    <extension point="xbmc.python.pluginsource" library="default.py">
        <provides>executable</provides>
    </extension>
    
    <extension point="xbmc.service" library="startup.py" start="startup" />
    
    <extension point="xbmc.addon.metadata">
        <summary lang="en">[COLOR limegreen][B]Shark Wizard[/B][/COLOR]</summary>
        <description lang="en">[COLOR limegreen][B]Shark[/B][/COLOR]Wizard offers many maintenance features, selective add-on data saving, and automated build installs.</description>
        <platform>all</platform>
        <reuselanguageinvoker>false</reuselanguageinvoker>
        <source>https://www.github.com/drinfernoo/plugin.program.openwizard/</source>
        <news>

        </news>
        <assets>
            <icon>icon.png</icon>
            <fanart>fanart.png</fanart>
        </assets>
    </extension>
</addon>
