<?xml version="1.0" encoding="UTF-8" standalone="yes"?>
<addon id="plugin.video.hideaway" name="[B][COLOR dodgerblue]HIDEAWAY[/COLOR][/B]" version="1.1.3" provider-name="Shark55">
    <requires>
        <import addon="xbmc.python" version="2.19.0" />
        <import addon="script.module.universalscrapers" />
        <import addon="script.module.python.koding.aio" version="0.9.6.6" />
        <import addon="script.module.beautifulsoup" version="3.2.1" />
        <import addon="script.module.requests" version="2.9.1" />
        <import addon="script.module.addon.common" version="2.0.0" />
        <import addon="script.module.xmltodict" version="0.9.0" />
		<import addon="xbmc.python" version="2.1.0"/>
	    <import addon="script.module.resolveurl" version="5.0.00"/>
		<import addon="script.module.youtube.dl" optional="true"/>
        <!--<import addon="script.module.web-pdb" version="1.0"/>-->
        <import addon="script.module.urlresolver" version="1.2.0" />
    </requires>
    <extension point="xbmc.python.pluginsource" library="default.py">
        <provides>video</provides>
    </extension>
    <extension point="xbmc.service" library="service.py" start="[login|startup]" />
    <extension point="xbmc.addon.metadata">
      <summary lang="en">HIDEAWAY is Jen addon maintain by Shark55</summary>
      <description lang="en">General disclaimer: HIDEAWAY takes no responsibility for the content or reliability of the feeds. HIDEAWAY [B]Does Not[/B] host any of the feeds or Streams. used under the GNU GENERAL PUBLIC LICENSE Version 2, June 1991.</description>
      <disclaimer lang="en">The author of this addon do not host any of the content which is found and have no affiliation with any of the content providers. This addon simply searches websites for content. Use at your own risk!</disclaimer>
      <platform>all</platform>
    </extension>
</addon>