<?xml version="1.0" encoding="UTF-8"?>
<addon id="repository.sharkrepo" name="[COLOR dodgerblue]SHARK REPO[/COLOR]" version="1.2.3" provider-name="Shark">
    <requires>
        <import addon="xbmc.addon" version="12.0.0"/>
    </requires>
    <extension point="xbmc.addon.repository" name="Shark Repository">
	<info compressed="false">https://raw.githubusercontent.com/Shark5588/reef/addons.xml</info>
	<checksum>https://raw.githubusercontent.com/reef/addons.xml.md5</checksum>
	<datadir zip="true">https://raw.githubusercontent.com/Shark5588/reef/</datadir>
	<hashes>false</hashes>

    <dir>
        <info compressed="false">https://raw.githubusercontent.com/jsergio123/zips/master/addons.xml</info>
        <checksum>https://raw.githubusercontent.com/jsergio123/zips/master/addons.xml.md5</checksum>
        <datadir zip="true">https://raw.githubusercontent.com/jsergio123/zips/master/</datadir>
    </dir>
		
    <dir>
        <info compressed="false">https://raw.githubusercontent.com/totalrevolution/python-koding/master/zips/addons.xml</info>
        <checksum>https://raw.githubusercontent.com/totalrevolution/python-koding/master/zips/addons.xml.md5</checksum>
        <datadir zip="true">https://raw.githubusercontent.com/totalrevolution/python-koding/master/zips/</datadir>
    </dir>
	
	<dir>
        <info compressed="false">https://raw.githubusercontent.com/teamuniversal/scrapers/master/_modules4all/zips/addons.xml</info>
        <checksum>https://raw.githubusercontent.com/teamuniversal/scrapers/master/_modules4all/zips/addons.xml.md5</checksum>
        <datadir zip="true">https://raw.githubusercontent.com/teamuniversal/scrapers/master/_modules4all/zips/</datadir>
    </dir>
	
    </extension>
	<extension point="xbmc.addon.metadata">
		<summary lang="en">Shark repository v1.2.3</summary>
		<description lang="en">The Official Repo for The Shark</description>
		<genre>sports,wizard,canadian,french,usa</genre>
	</extension>
	
</addon>